{
  "version": 12,
  "timestamp": "20260308_212125",
  "trained_datetime": "2026-03-08 21:21:25",
  "overall_metrics": {
    "accuracy": 0.9253270050962701,
    "precision_weighted": 0.9316528761282501,
    "recall_weighted": 0.9253270050962701,
    "f1_weighted": 0.9281111029197947,
    "iou_macro": 0.41510166686910294,
    "mean_wetland_f1": 0.4400693679366027
  },
  "per_class_metrics": {
    "Background": {
      "class_id": 0,
      "precision": 0.9708167735675876,
      "recall": 0.955323418665145,
      "f1_score": 0.9630077838714678,
      "iou": 0.928654785436241,
      "support": 189518731
    },
    "Bog": {
      "class_id": 1,
      "precision": 0.0,
      "recall": 0.0,
      "f1_score": 0.0,
      "iou": 0.0,
      "support": 3355
    },
    "Fen": {
      "class_id": 2,
      "precision": 0.6177260206045063,
      "recall": 0.8180871393980578,
      "f1_score": 0.7039268439244386,
      "iou": 0.5431227710413695,
      "support": 1489246
    },
    "Marsh": {
      "class_id": 3,
      "precision": 0.5448141881321886,
      "recall": 0.6141143137075445,
      "f1_score": 0.5773922906942724,
      "iou": 0.4058689454495493,
      "support": 14007454
    },
    "Swamp": {
      "class_id": 4,
      "precision": 0.5352715272268135,
      "recall": 0.6364315414228202,
      "f1_score": 0.5814846649095874,
      "iou": 0.40992483520983275,
      "support": 2724392
    },
    "Open Water": {
      "class_id": 5,
      "precision": 0.29385108879906113,
      "recall": 0.396497169415613,
      "f1_score": 0.33754304015471465,
      "iou": 0.2030386640776251,
      "support": 710454
    }
  },
  "confusion_matrix": [
    [
      181051682,
      11,
      612766,
      6502833,
      903394,
      448045
    ],
    [
      1271,
      0,
      1614,
      2,
      0,
      468
    ],
    [
      125918,
      0,
      1218333,
      13769,
      2889,
      128337
    ],
    [
      4725479,
      59,
      7055,
      8602178,
      584827,
      87856
    ],
    [
      341803,
      0,
      12886,
      623588,
      1733889,
      12226
    ],
    [
      248031,
      0,
      119633,
      46826,
      14271,
      281693
    ]
  ],
  "confusion_matrix_labels": [
    "Background",
    "Bog",
    "Fen",
    "Marsh",
    "Swamp",
    "Open Water"
  ],
  "hyperparameters": {
    "architecture": "smp.Unet (Native 64-Channel)",
    "encoder_name": "efficientnet-b3",
    "encoder_weights": "imagenet",
    "batch_size": 128,
    "loss_function": "CombinedLoss (MacroDice 60% + CE 40%)",
    "optimizer": "AdamW (lr=1e-4, wd=1e-4)",
    "scheduler": "CosineAnnealingLR (T_max=30, eta_min=1e-6)",
    "early_stopping": "Mean Wetland F1 (classes 1-5), patience=6",
    "augmentations": "HFlip, VFlip, Rotate90, Affine",
    "class_weights": "[0.5, 10.0, 6.0, 4.0, 4.0, 7.0]"
  },
  "dataset": {
    "source": "UNet_Wetland_Dataset_v2.zip",
    "n_train_patches": 129648,
    "n_val_patches": 12723,
    "n_features": 64,
    "total_val_pixels": 208453632
  }
}