{
  "timestamp": "20260304_182904",
  "trained_datetime": "2026-03-04 18:29:05",
  "pipeline_stage": "Stage 2 \u2014 wetland classification (post CNN background removal)",
  "split_method": "middle_row_band",
  "test_row_min": 9216,
  "test_row_max": 12288,
  "classes": [
    1,
    2,
    3,
    4,
    5
  ],
  "note": "Class 0 (background) filtered from train and test before training. Intended for use after Stage 1 CNN background detection. Test region: middle latitude band rows 9216\u201312288. Class weights recalculated from filtered training set (Classes 1\u20135 only).",
  "overall_metrics": {
    "accuracy": 0.823829665021801,
    "precision_weighted": 0.8304392427466953,
    "recall_weighted": 0.823829665021801,
    "f1_weighted": 0.8207196302484712
  },
  "per_class_metrics": {
    "1": {
      "precision": 0.5813838955922187,
      "recall": 0.982521847690387,
      "f1_score": 0.7305074257425742,
      "support": 4806
    },
    "2": {
      "precision": 0.8894360308464183,
      "recall": 0.76584,
      "f1_score": 0.8230236856811245,
      "support": 37500
    },
    "3": {
      "precision": 0.8663726538370159,
      "recall": 0.93352,
      "f1_score": 0.8986938171960198,
      "support": 125000
    },
    "4": {
      "precision": 0.828317503909677,
      "recall": 0.5790933333333333,
      "f1_score": 0.6816391229970024,
      "support": 37500
    },
    "5": {
      "precision": 0.6133380133380133,
      "recall": 0.69896,
      "f1_score": 0.653355767433165,
      "support": 25000
    }
  },
  "confusion_matrix": [
    [
      4722,
      32,
      0,
      0,
      52
    ],
    [
      2875,
      28719,
      0,
      0,
      5906
    ],
    [
      28,
      480,
      116690,
      4131,
      3671
    ],
    [
      8,
      149,
      14240,
      21716,
      1387
    ],
    [
      489,
      2909,
      3758,
      370,
      17474
    ]
  ],
  "confusion_matrix_labels": [
    1,
    2,
    3,
    4,
    5
  ],
  "hyperparameters": {
    "n_estimators": 200,
    "max_depth": 25,
    "min_samples_leaf": 20,
    "feature_scaling": "StandardScaler",
    "class_weight": "recalculated_over_classes_1_to_5",
    "class1_dampen_factor": 0.4,
    "n_jobs": -1,
    "random_state": 42
  },
  "dataset": {
    "source": "../random_forest_spatial_middle/wetland_dataset_middle_split.npz",
    "class_0_filtered": true,
    "n_train": 914418,
    "n_test": 229806,
    "n_features": 64
  },
  "class_weights": {
    "1": 5.073757802746567,
    "2": 1.219224,
    "3": 0.3657672,
    "4": 1.219224,
    "5": 1.828836
  }
}