{
  "timestamp": "20260309_150844",
  "trained_datetime": "2026-03-09 15:08:44",
  "split_method": "random_split",
  "note": "GPU-accelerated SVM with RBF kernel using RAPIDS cuML. Data split 80/20 randomly.",
  "overall_metrics": {
    "accuracy": 0.6584319942935002,
    "precision_weighted": 0.7072568947251316,
    "recall_weighted": 0.6584319942935002,
    "f1_weighted": 0.6615153682453352
  },
  "per_class_metrics": {
    "0": {
      "precision": 0.8488402816869047,
      "recall": 0.5275374114690428,
      "f1_score": 0.6506862283200726,
      "support": 140064
    },
    "1": {
      "precision": 0.5849284359372305,
      "recall": 0.9557621865314173,
      "f1_score": 0.725716730851519,
      "support": 3549
    },
    "2": {
      "precision": 0.6889412847202254,
      "recall": 0.8675815620813268,
      "f1_score": 0.76801025723215,
      "support": 27617
    },
    "3": {
      "precision": 0.6812482833876463,
      "recall": 0.7198559864457831,
      "f1_score": 0.70002021350033,
      "support": 127488
    },
    "4": {
      "precision": 0.45556011489536313,
      "recall": 0.7279236276849642,
      "f1_score": 0.5604013972176792,
      "support": 38129
    },
    "5": {
      "precision": 0.43604569568024254,
      "recall": 0.7047908538245168,
      "f1_score": 0.5387643274549585,
      "support": 22042
    }
  },
  "confusion_matrix": [
    [
      73889,
      980,
      6556,
      35091,
      11105,
      12443
    ],
    [
      32,
      3392,
      108,
      0,
      0,
      17
    ],
    [
      593,
      931,
      23960,
      0,
      0,
      2133
    ],
    [
      9756,
      80,
      601,
      91773,
      21338,
      3940
    ],
    [
      1621,
      14,
      324,
      6856,
      27755,
      1559
    ],
    [
      1156,
      402,
      3229,
      993,
      727,
      15535
    ]
  ],
  "hyperparameters": {
    "kernel": "rbf",
    "C": 1.0,
    "gamma": "scale",
    "class_weight": "balanced",
    "feature_scaling": "StandardScaler"
  },
  "dataset": {
    "source": "/content/drive/MyDrive/wetland_dataset_1.5M_4Training.npz",
    "n_train": 1160336,
    "n_test": 358889,
    "n_features": 64
  },
  "class_weights": {
    "0": 0.4204700943899441,
    "1": 12.336650506081483,
    "2": 1.5801976854083764,
    "3": 0.5191492712539014,
    "4": 1.7286815469007457,
    "5": 2.4806861814481302
  }
}