{
  "timestamp": "20260308_200414",
  "evaluation_datetime": "2026-03-08 20:04:14",
  "pipeline_stage": "Two-Stage Inference Pipeline (Stage 1 Binary -> Stage 2 Wetland Multi-class)",
  "models_used": {
    "stage1_binary": "rf_stage1_binary_20260306_051418.pkl",
    "stage2_wetland": "rf_stage2_wetland_only_20260306_054604.pkl"
  },
  "classes": [
    0,
    1,
    2,
    3,
    4,
    5
  ],
  "overall_metrics": {
    "accuracy": 0.5847616941280549,
    "precision_weighted": 0.6011765623947867,
    "recall_weighted": 0.5847616941280549,
    "f1_weighted": 0.577348831737493
  },
  "per_class_metrics": {
    "0": {
      "precision": 0.5470289895068656,
      "recall": 0.5946533333333334,
      "f1_score": 0.5698478561549101,
      "support": 150000
    },
    "1": {
      "precision": 0.669841809831604,
      "recall": 0.8193924261339992,
      "f1_score": 0.7371080954609265,
      "support": 4806
    },
    "2": {
      "precision": 0.7670940170940171,
      "recall": 0.32549333333333336,
      "f1_score": 0.4570508499962555,
      "support": 37500
    },
    "3": {
      "precision": 0.5765242933750057,
      "recall": 0.711288,
      "f1_score": 0.6368549418198618,
      "support": 125000
    },
    "4": {
      "precision": 0.7591808453306644,
      "recall": 0.52592,
      "f1_score": 0.6213806358108321,
      "support": 37500
    },
    "5": {
      "precision": 0.5502405312013009,
      "recall": 0.32484,
      "f1_score": 0.4085112804648004,
      "support": 25000
    }
  },
  "confusion_matrix": [
    [
      89198,
      221,
      1988,
      51536,
      2621,
      4436
    ],
    [
      826,
      3938,
      17,
      0,
      0,
      25
    ],
    [
      23332,
      1353,
      12206,
      0,
      0,
      609
    ],
    [
      31558,
      20,
      217,
      88911,
      3344,
      950
    ],
    [
      5402,
      6,
      105,
      11647,
      19722,
      618
    ],
    [
      12743,
      341,
      1379,
      2125,
      291,
      8121
    ]
  ],
  "confusion_matrix_labels": [
    0,
    1,
    2,
    3,
    4,
    5
  ],
  "timing": {
    "inference_seconds": 39.61
  },
  "dataset": {
    "source": "/content/drive/My Drive/CapstoneRFData/wetland_dataset_middle_split.npz",
    "n_test_samples": 379806,
    "stage1_wetland_pixels_found": 216747
  }
}