{
  "timestamp": "20260309_144338",
  "trained_datetime": "2026-03-09 14:43:35",
  "pipeline_stage": "Stage 1 \u2014 binary classification (Background vs Wetland) (grid search)",
  "split_method": "middle_row_band",
  "test_row_min": 9216,
  "test_row_max": 12288,
  "classes": [
    0,
    1
  ],
  "overall_metrics": {
    "accuracy": 0.6458244472177901,
    "precision_weighted": 0.6516181906907775,
    "recall_weighted": 0.6458244472177901,
    "f1_weighted": 0.6479970905270459,
    "f1_background": 0.5699469938681688,
    "f1_wetland": 0.6989422986540381
  },
  "per_class_metrics": {
    "0": {
      "precision": 0.5475508925390371,
      "recall": 0.5942533333333333,
      "f1_score": 0.5699469938681688,
      "support": 150000
    },
    "1": {
      "precision": 0.7195454629237092,
      "recall": 0.6794861752956842,
      "f1_score": 0.6989422986540381,
      "support": 229806
    }
  },
  "confusion_matrix": [
    [
      89138,
      60862
    ],
    [
      73656,
      156150
    ]
  ],
  "confusion_matrix_labels": [
    0,
    1
  ],
  "hyperparameters": {
    "n_estimators": 300,
    "max_depth": 25,
    "min_samples_leaf": 20,
    "feature_scaling": "none",
    "class_weight": "balanced_binary_with_manual_boost",
    "background_boost_factor": 2,
    "n_jobs": -1,
    "random_state": 42
  },
  "dataset": {
    "source": "../random_forest_spatial_middle/wetland_dataset_middle_split.npz",
    "n_train": 1514418,
    "n_test": 379806,
    "n_features": 64
  },
  "class_weights": {
    "0": 2.52403,
    "1": 0.8280775312821926
  },
  "train_seconds": 276.145682
}