{
  "timestamp": "20260309_142550",
  "trained_datetime": "2026-03-09 14:25:49",
  "pipeline_stage": "Stage 1 \u2014 binary classification (Background vs Wetland) (grid search)",
  "split_method": "middle_row_band",
  "test_row_min": 9216,
  "test_row_max": 12288,
  "classes": [
    0,
    1
  ],
  "overall_metrics": {
    "accuracy": 0.645179381052432,
    "precision_weighted": 0.6516168573303339,
    "recall_weighted": 0.645179381052432,
    "f1_weighted": 0.6475239976082633,
    "f1_background": 0.5709072962603283,
    "f1_wetland": 0.6975335935378311
  },
  "per_class_metrics": {
    "0": {
      "precision": 0.5464358638344559,
      "recall": 0.5976733333333333,
      "f1_score": 0.5709072962603283,
      "support": 150000
    },
    "1": {
      "precision": 0.7202710657686763,
      "recall": 0.6761877409641176,
      "f1_score": 0.6975335935378311,
      "support": 229806
    }
  },
  "confusion_matrix": [
    [
      89651,
      60349
    ],
    [
      74414,
      155392
    ]
  ],
  "confusion_matrix_labels": [
    0,
    1
  ],
  "hyperparameters": {
    "n_estimators": 100,
    "max_depth": 25,
    "min_samples_leaf": 20,
    "feature_scaling": "none",
    "class_weight": "balanced_binary_with_manual_boost",
    "background_boost_factor": 2,
    "n_jobs": -1,
    "random_state": 42
  },
  "dataset": {
    "source": "../random_forest_spatial_middle/wetland_dataset_middle_split.npz",
    "n_train": 1514418,
    "n_test": 379806,
    "n_features": 64
  },
  "class_weights": {
    "0": 2.52403,
    "1": 0.8280775312821926
  },
  "train_seconds": 92.097685
}