{
  "timestamp": "20260309_143858",
  "trained_datetime": "2026-03-09 14:38:55",
  "pipeline_stage": "Stage 1 \u2014 binary classification (Background vs Wetland) (grid search)",
  "split_method": "middle_row_band",
  "test_row_min": 9216,
  "test_row_max": 12288,
  "classes": [
    0,
    1
  ],
  "overall_metrics": {
    "accuracy": 0.650984976540655,
    "precision_weighted": 0.6513858659090057,
    "recall_weighted": 0.650984976540655,
    "f1_weighted": 0.6511810788442292,
    "f1_background": 0.5595845626345587,
    "f1_wetland": 0.7109683665192705
  },
  "per_class_metrics": {
    "0": {
      "precision": 0.557761087267525,
      "recall": 0.56142,
      "f1_score": 0.5595845626345587,
      "support": 150000
    },
    "1": {
      "precision": 0.7124970501088183,
      "recall": 0.7094462285580011,
      "f1_score": 0.7109683665192705,
      "support": 229806
    }
  },
  "confusion_matrix": [
    [
      84213,
      65787
    ],
    [
      66771,
      163035
    ]
  ],
  "confusion_matrix_labels": [
    0,
    1
  ],
  "hyperparameters": {
    "n_estimators": 200,
    "max_depth": null,
    "min_samples_leaf": 20,
    "feature_scaling": "none",
    "class_weight": "balanced_binary_with_manual_boost",
    "background_boost_factor": 2,
    "n_jobs": -1,
    "random_state": 42
  },
  "dataset": {
    "source": "../random_forest_spatial_middle/wetland_dataset_middle_split.npz",
    "n_train": 1514418,
    "n_test": 379806,
    "n_features": 64
  },
  "class_weights": {
    "0": 2.52403,
    "1": 0.8280775312821926
  },
  "train_seconds": 187.946575
}