{
  "timestamp": "20260309_143547",
  "trained_datetime": "2026-03-09 14:35:43",
  "pipeline_stage": "Stage 1 \u2014 binary classification (Background vs Wetland) (grid search)",
  "split_method": "middle_row_band",
  "test_row_min": 9216,
  "test_row_max": 12288,
  "classes": [
    0,
    1
  ],
  "overall_metrics": {
    "accuracy": 0.651337788239259,
    "precision_weighted": 0.651808157892361,
    "recall_weighted": 0.651337788239259,
    "f1_weighted": 0.651566997557152,
    "f1_background": 0.5602781301261148,
    "f1_wetland": 0.7111534753456151
  },
  "per_class_metrics": {
    "0": {
      "precision": 0.5581393810286198,
      "recall": 0.5624333333333333,
      "f1_score": 0.5602781301261148,
      "support": 150000
    },
    "1": {
      "precision": 0.712948060808565,
      "recall": 0.7093679016213675,
      "f1_score": 0.7111534753456151,
      "support": 229806
    }
  },
  "confusion_matrix": [
    [
      84365,
      65635
    ],
    [
      66789,
      163017
    ]
  ],
  "confusion_matrix_labels": [
    0,
    1
  ],
  "hyperparameters": {
    "n_estimators": 200,
    "max_depth": 35,
    "min_samples_leaf": 20,
    "feature_scaling": "none",
    "class_weight": "balanced_binary_with_manual_boost",
    "background_boost_factor": 2,
    "n_jobs": -1,
    "random_state": 42
  },
  "dataset": {
    "source": "../random_forest_spatial_middle/wetland_dataset_middle_split.npz",
    "n_train": 1514418,
    "n_test": 379806,
    "n_features": 64
  },
  "class_weights": {
    "0": 2.52403,
    "1": 0.8280775312821926
  },
  "train_seconds": 196.050552
}