{
  "timestamp": "20260309_144834",
  "trained_datetime": "2026-03-09 14:48:30",
  "pipeline_stage": "Stage 1 \u2014 binary classification (Background vs Wetland) (grid search)",
  "split_method": "middle_row_band",
  "test_row_min": 9216,
  "test_row_max": 12288,
  "classes": [
    0,
    1
  ],
  "overall_metrics": {
    "accuracy": 0.6515615867047914,
    "precision_weighted": 0.6519343708955663,
    "recall_weighted": 0.6515615867047914,
    "f1_weighted": 0.6517442036545206,
    "f1_background": 0.5602142783558257,
    "f1_wetland": 0.7114880258123589
  },
  "per_class_metrics": {
    "0": {
      "precision": 0.5585122948375597,
      "recall": 0.5619266666666667,
      "f1_score": 0.5602142783558257,
      "support": 150000
    },
    "1": {
      "precision": 0.7129132461586184,
      "recall": 0.7100684925545895,
      "f1_score": 0.7114880258123589,
      "support": 229806
    }
  },
  "confusion_matrix": [
    [
      84289,
      65711
    ],
    [
      66628,
      163178
    ]
  ],
  "confusion_matrix_labels": [
    0,
    1
  ],
  "hyperparameters": {
    "n_estimators": 300,
    "max_depth": 35,
    "min_samples_leaf": 20,
    "feature_scaling": "none",
    "class_weight": "balanced_binary_with_manual_boost",
    "background_boost_factor": 2,
    "n_jobs": -1,
    "random_state": 42
  },
  "dataset": {
    "source": "../random_forest_spatial_middle/wetland_dataset_middle_split.npz",
    "n_train": 1514418,
    "n_test": 379806,
    "n_features": 64
  },
  "class_weights": {
    "0": 2.52403,
    "1": 0.8280775312821926
  },
  "train_seconds": 291.125357
}