{
  "timestamp": "20260309_142726",
  "trained_datetime": "2026-03-09 14:27:25",
  "pipeline_stage": "Stage 1 \u2014 binary classification (Background vs Wetland) (grid search)",
  "split_method": "middle_row_band",
  "test_row_min": 9216,
  "test_row_max": 12288,
  "classes": [
    0,
    1
  ],
  "overall_metrics": {
    "accuracy": 0.6504399614540055,
    "precision_weighted": 0.6513472327330326,
    "recall_weighted": 0.6504399614540055,
    "f1_weighted": 0.6508719070225158,
    "f1_background": 0.5606731943309254,
    "f1_wetland": 0.7097468141343344
  },
  "per_class_metrics": {
    "0": {
      "precision": 0.5566192074953515,
      "recall": 0.5647866666666667,
      "f1_score": 0.5606731943309254,
      "support": 150000
    },
    "1": {
      "precision": 0.7131785329847763,
      "recall": 0.7063479630644979,
      "f1_score": 0.7097468141343344,
      "support": 229806
    }
  },
  "confusion_matrix": [
    [
      84718,
      65282
    ],
    [
      67483,
      162323
    ]
  ],
  "confusion_matrix_labels": [
    0,
    1
  ],
  "hyperparameters": {
    "n_estimators": 100,
    "max_depth": 35,
    "min_samples_leaf": 20,
    "feature_scaling": "none",
    "class_weight": "balanced_binary_with_manual_boost",
    "background_boost_factor": 2,
    "n_jobs": -1,
    "random_state": 42
  },
  "dataset": {
    "source": "../random_forest_spatial_middle/wetland_dataset_middle_split.npz",
    "n_train": 1514418,
    "n_test": 379806,
    "n_features": 64
  },
  "class_weights": {
    "0": 2.52403,
    "1": 0.8280775312821926
  },
  "train_seconds": 94.675596
}