{
  "timestamp": "20260309_143227",
  "trained_datetime": "2026-03-09 14:32:25",
  "pipeline_stage": "Stage 1 \u2014 binary classification (Background vs Wetland) (grid search)",
  "split_method": "middle_row_band",
  "test_row_min": 9216,
  "test_row_max": 12288,
  "classes": [
    0,
    1
  ],
  "overall_metrics": {
    "accuracy": 0.6450372032037408,
    "precision_weighted": 0.6510465655848025,
    "recall_weighted": 0.6450372032037408,
    "f1_weighted": 0.6472707650813252,
    "f1_background": 0.5695649258806363,
    "f1_wetland": 0.697991267940708
  },
  "per_class_metrics": {
    "0": {
      "precision": 0.5465134090226762,
      "recall": 0.5946466666666667,
      "f1_score": 0.5695649258806363,
      "support": 150000
    },
    "1": {
      "precision": 0.7192779150026547,
      "recall": 0.6779283395559733,
      "f1_score": 0.697991267940708,
      "support": 229806
    }
  },
  "confusion_matrix": [
    [
      89197,
      60803
    ],
    [
      74014,
      155792
    ]
  ],
  "confusion_matrix_labels": [
    0,
    1
  ],
  "hyperparameters": {
    "n_estimators": 200,
    "max_depth": 25,
    "min_samples_leaf": 20,
    "feature_scaling": "none",
    "class_weight": "balanced_binary_with_manual_boost",
    "background_boost_factor": 2,
    "n_jobs": -1,
    "random_state": 42
  },
  "dataset": {
    "source": "../random_forest_spatial_middle/wetland_dataset_middle_split.npz",
    "n_train": 1514418,
    "n_test": 379806,
    "n_features": 64
  },
  "class_weights": {
    "0": 2.52403,
    "1": 0.8280775312821926
  },
  "train_seconds": 202.848841
}