{
  "version": 11,
  "timestamp": "20260308_204252",
  "trained_datetime": "2026-03-08 20:42:52",
  "overall_metrics": {
    "accuracy": 0.9445943546812368,
    "precision_weighted": 0.9437036932957572,
    "recall_weighted": 0.9445943546812368,
    "f1_weighted": 0.9441238276954509,
    "iou_macro": 0.7334218889597777
  },
  "per_class_metrics": {
    "0": {
      "precision": 0.9678019479455939,
      "recall": 0.9713757000620693,
      "f1_score": 0.9695855308815846,
      "iou": 0.9409665334068671,
      "support": 189518731
    },
    "1": {
      "precision": 0.70250514461827,
      "recall": 0.6765408490913155,
      "f1_score": 0.6892785725269814,
      "iou": 0.5258772445126881,
      "support": 18934901
    }
  },
  "confusion_matrix": [
    [
      184093890,
      5424841
    ],
    [
      6124667,
      12810234
    ]
  ],
  "hyperparameters": {
    "architecture": "smp.Unet (Native 64-Channel)",
    "encoder_name": "efficientnet-b3",
    "encoder_weights": "imagenet",
    "batch_size": 128,
    "loss_function": "CombinedLoss (Dice 60% + BCE 40%)",
    "optimizer": "AdamW (lr=1e-4, wd=1e-4)",
    "scheduler": "CosineAnnealingLR (T_max=30, eta_min=1e-6)",
    "early_stopping": "Class-1 F1, patience=6",
    "augmentations": "HFlip, VFlip, Rotate90, ShiftScaleRotate, GaussNoise"
  },
  "dataset": {
    "source": "UNet_Wetland_Dataset_v2.zip",
    "n_train_patches": 57396,
    "n_test_patches": 12723,
    "n_features": 64,
    "total_test_pixels": 208453632
  },
  "class_weights": {
    "0": 0.5499552231594459,
    "1": 5.504481697580569
  }
}