{
  "version": 1,
  "timestamp": "20260124_120049",
  "model_type": "LinearSVC",
  "trained_datetime": "2026-01-24 12:00:49",
  "training_duration": "0:04:25.906769",
  "overall_metrics": {
    "accuracy": 0.5198110878902071,
    "precision_weighted": 0.5343162995799975,
    "recall_weighted": 0.5198110878902071,
    "f1_weighted": 0.5090542281918826
  },
  "per_class_metrics": {
    "0": {
      "precision": 0.6337738796107173,
      "recall": 0.43896410828264,
      "f1_score": 0.5186802165223676,
      "support": 120167
    },
    "1": {
      "precision": 0.1520358426468416,
      "recall": 0.8024948024948025,
      "f1_score": 0.25563972018709386,
      "support": 3848
    },
    "2": {
      "precision": 0.5314564466027912,
      "recall": 0.8151316893138735,
      "f1_score": 0.6434142401250017,
      "support": 29805
    },
    "3": {
      "precision": 0.5606677193039572,
      "recall": 0.6888493345199644,
      "f1_score": 0.6181837761196038,
      "support": 100003
    },
    "4": {
      "precision": 0.2594620711869866,
      "recall": 0.1074788177997198,
      "f1_score": 0.15199547127087462,
      "support": 29978
    },
    "5": {
      "precision": 0.29529679892261473,
      "recall": 0.2844242666134504,
      "f1_score": 0.28975857687420586,
      "support": 20044
    }
  },
  "confusion_matrix": [
    [
      52749,
      9699,
      10932,
      35169,
      3555,
      8063
    ],
    [
      236,
      3088,
      472,
      1,
      0,
      51
    ],
    [
      681,
      3384,
      24295,
      6,
      0,
      1439
    ],
    [
      20700,
      613,
      1735,
      68887,
      5361,
      2707
    ],
    [
      6890,
      256,
      976,
      17289,
      3222,
      1345
    ],
    [
      1974,
      3271,
      7304,
      1514,
      280,
      5701
    ]
  ],
  "hyperparameters": {
    "dual": false,
    "class_weight": "custom",
    "random_state": 42,
    "max_iter": 1000,
    "standard_scaler": true
  },
  "dataset": {
    "source": "../wetland_dataset_1.5M_4Training.npz",
    "n_train": 1215380,
    "n_test": 303845,
    "n_features": 64
  },
  "class_weights": {
    "0": 0.12655729055404663,
    "1": 3.949772357940674,
    "2": 0.5062291622161865,
    "3": 0.15186873078346252,
    "4": 0.5062291622161865,
    "5": 0.7593436241149902
  }
}