{
  "version": 1,
  "timestamp": "20260124_123226",
  "model_type": "Nystroem + LinearSVC",
  "trained_datetime": "2026-01-24 12:32:26",
  "training_duration": "0:18:38.659626",
  "overall_metrics": {
    "accuracy": 0.5404301535322286,
    "precision_weighted": 0.565207547483554,
    "recall_weighted": 0.5404301535322286,
    "f1_weighted": 0.5385612527270038
  },
  "per_class_metrics": {
    "0": {
      "precision": 0.6768953068592057,
      "recall": 0.46185724866227834,
      "f1_score": 0.5490727595605439,
      "support": 120167
    },
    "1": {
      "precision": 0.21328493185581454,
      "recall": 0.8703222453222453,
      "f1_score": 0.3426086956521739,
      "support": 3848
    },
    "2": {
      "precision": 0.5564636970439995,
      "recall": 0.8223452440865626,
      "f1_score": 0.6637689401633018,
      "support": 29805
    },
    "3": {
      "precision": 0.5813613076360088,
      "recall": 0.667219983400498,
      "f1_score": 0.6213386101734373,
      "support": 100003
    },
    "4": {
      "precision": 0.28716375648890985,
      "recall": 0.24357862432450464,
      "f1_score": 0.2635815615637296,
      "support": 29978
    },
    "5": {
      "precision": 0.31143574526363843,
      "recall": 0.3403512272999401,
      "f1_score": 0.32525209182578846,
      "support": 20044
    }
  },
  "confusion_matrix": [
    [
      55500,
      6484,
      10432,
      31671,
      7052,
      9028
    ],
    [
      126,
      3349,
      304,
      0,
      0,
      69
    ],
    [
      781,
      2719,
      24510,
      0,
      0,
      1795
    ],
    [
      18101,
      401,
      1347,
      66724,
      10557,
      2873
    ],
    [
      5303,
      174,
      827,
      15054,
      7302,
      1318
    ],
    [
      2181,
      2575,
      6626,
      1323,
      517,
      6822
    ]
  ],
  "hyperparameters": {
    "nystroem_components": 300,
    "nystroem_kernel": "rbf",
    "dual": false,
    "class_weight": "custom",
    "random_state": 42,
    "max_iter": 1000,
    "standard_scaler": true
  },
  "dataset": {
    "source": "../wetland_dataset_1.5M_4Training.npz",
    "n_train": 1215380,
    "n_test": 303845,
    "n_features": 64
  },
  "class_weights": {
    "0": 0.12655729055404663,
    "1": 3.949772357940674,
    "2": 0.5062291622161865,
    "3": 0.15186873078346252,
    "4": 0.5062291622161865,
    "5": 0.7593436241149902
  }
}