{
  "timestamp": "20260309_170939",
  "trained_datetime": "2026-03-09 17:09:39",
  "split_method": "random_split",
  "note": "GPU-accelerated SVM with RBF kernel using RAPIDS cuML. Data split 80/20 randomly.",
  "overall_metrics": {
    "accuracy": 0.5685955461472436,
    "precision_weighted": 0.643130632713888,
    "recall_weighted": 0.5685955461472436,
    "f1_weighted": 0.5541945924378217
  },
  "per_class_metrics": {
    "0": {
      "precision": 0.7674724710263572,
      "recall": 0.3187466666666667,
      "f1_score": 0.4504234613609172,
      "support": 150000
    },
    "1": {
      "precision": 0.2928082191780822,
      "recall": 0.9962546816479401,
      "f1_score": 0.45259476321013326,
      "support": 4806
    },
    "2": {
      "precision": 0.7798846139712637,
      "recall": 0.5659466666666667,
      "f1_score": 0.6559114861001654,
      "support": 37500
    },
    "3": {
      "precision": 0.570036029523221,
      "recall": 0.782208,
      "f1_score": 0.6594767406568058,
      "support": 125000
    },
    "4": {
      "precision": 0.468688155019016,
      "recall": 0.7262666666666666,
      "f1_score": 0.5697162401029192,
      "support": 37500
    },
    "5": {
      "precision": 0.3864313442267762,
      "recall": 0.68488,
      "f1_score": 0.49408437698389795,
      "support": 25000
    }
  },
  "confusion_matrix": [
    [
      47812,
      2176,
      4414,
      63290,
      13443,
      18865
    ],
    [
      0,
      4788,
      18,
      0,
      0,
      0
    ],
    [
      4740,
      7754,
      21223,
      0,
      10,
      3773
    ],
    [
      7047,
      105,
      113,
      97776,
      16696,
      3263
    ],
    [
      877,
      30,
      29,
      8044,
      27235,
      1285
    ],
    [
      1822,
      1499,
      1416,
      2416,
      725,
      17122
    ]
  ],
  "hyperparameters": {
    "kernel": "rbf",
    "C": 1.0,
    "gamma": "scale",
    "class_weight": "balanced",
    "feature_scaling": "StandardScaler"
  },
  "dataset": {
    "source": "/content/drive/MyDrive/JB_wetland_data.npz",
    "n_train": 1514418,
    "n_test": 379806,
    "n_features": 64
  },
  "class_weights": {
    "0": 0.42067166666666667,
    "1": 17.506103481758913,
    "2": 1.6826866666666667,
    "3": 0.504806,
    "4": 1.6826866666666667,
    "5": 2.52403
  }
}