{
  "timestamp": "20260306_011209",
  "trained_datetime": "2026-03-06 01:12:22",
  "pipeline_stage": "Stage 2 \u2014 wetland classification (post CNN background removal)",
  "split_method": "middle_row_band",
  "test_row_min": 9216,
  "test_row_max": 12288,
  "classes": [
    1,
    2,
    3,
    4,
    5
  ],
  "note": "Class 0 (background) filtered from train and test before training. Intended for use after Stage 1 CNN background detection. Test region: middle latitude band rows 9216\u201312288. Class weights recalculated from filtered training set (Classes 1\u20135 only). Prediction uses per-class probability thresholding (not hard argmax). Class 4 threshold removed after v2 overcorrection (62k Class 3 absorbed by Class 4).",
  "overall_metrics": {
    "accuracy": 0.8074158203006013,
    "precision_weighted": 0.8388159034793033,
    "recall_weighted": 0.8074158203006013,
    "f1_weighted": 0.8109520595617387
  },
  "per_class_metrics": {
    "1": {
      "precision": 0.7646280991735537,
      "recall": 0.9625468164794008,
      "f1_score": 0.8522476050110538,
      "support": 4806
    },
    "2": {
      "precision": 0.9175145581365585,
      "recall": 0.7646933333333333,
      "f1_score": 0.8341623760072141,
      "support": 37500
    },
    "3": {
      "precision": 0.8780522724018899,
      "recall": 0.883152,
      "f1_score": 0.8805947528377591,
      "support": 125000
    },
    "4": {
      "precision": 0.8705946444286133,
      "recall": 0.554,
      "f1_score": 0.6771181330769356,
      "support": 37500
    },
    "5": {
      "precision": 0.49117982895626033,
      "recall": 0.84312,
      "f1_score": 0.6207353525834524,
      "support": 25000
    }
  },
  "confusion_matrix": [
    [
      4626,
      46,
      0,
      0,
      134
    ],
    [
      1277,
      28676,
      0,
      0,
      7547
    ],
    [
      8,
      354,
      110394,
      3031,
      11213
    ],
    [
      2,
      117,
      13665,
      20775,
      2941
    ],
    [
      137,
      2061,
      1667,
      57,
      21078
    ]
  ],
  "confusion_matrix_labels": [
    1,
    2,
    3,
    4,
    5
  ],
  "timing": {
    "total_train_seconds": 2329.86,
    "avg_seconds_per_tree": 7.77,
    "inference_seconds": 17.96
  },
  "hyperparameters": {
    "n_estimators": 300,
    "max_depth": 25,
    "min_samples_leaf": 15,
    "feature_scaling": "none",
    "class_weight": "recalculated_over_classes_1_to_5",
    "class1_dampen_factor": 0.4,
    "prediction_thresholds": {
      "1": 0.35,
      "2": 0.25,
      "5": 0.22
    },
    "n_jobs": -1,
    "random_state": 42
  },
  "dataset": {
    "source": "/content/drive/My Drive/CapstoneRFData/wetland_dataset_middle_split.npz",
    "class_0_filtered": true,
    "n_train": 914418,
    "n_test": 229806,
    "n_features": 64
  },
  "class_weights": {
    "1": 5.073757802746567,
    "2": 1.219224,
    "3": 0.3657672,
    "4": 1.219224,
    "5": 1.828836
  }
}