{
  "timestamp": "20260309_185947",
  "evaluation_datetime": "2026-03-09 18:59:46",
  "pipeline_stage": "Two-Stage Combination Pipeline (grid search)",
  "split_method": "middle_row_band",
  "test_row_min": 9216,
  "test_row_max": 12288,
  "classes": [
    0,
    1,
    2,
    3,
    4,
    5
  ],
  "overall_metrics": {
    "accuracy": 0.5888269274313729,
    "precision_weighted": 0.6049089913622976,
    "recall_weighted": 0.5888269274313729,
    "f1_weighted": 0.5803945167010351,
    "mean_wetland_f1": 0.5817220803828828
  },
  "per_class_metrics": {
    "0": {
      "precision": 0.5585122948375597,
      "recall": 0.5619266666666667,
      "f1_score": 0.5602142783558257,
      "support": 150000
    },
    "1": {
      "precision": 0.6684350132625995,
      "recall": 0.8389513108614233,
      "f1_score": 0.744048717475549,
      "support": 4806
    },
    "2": {
      "precision": 0.7611046618195149,
      "recall": 0.3321866666666667,
      "f1_score": 0.46250951417379843,
      "support": 37500
    },
    "3": {
      "precision": 0.5711856509189052,
      "recall": 0.755112,
      "f1_score": 0.6503956920045064,
      "support": 125000
    },
    "4": {
      "precision": 0.7764033142723772,
      "recall": 0.53224,
      "f1_score": 0.6315439745597797,
      "support": 37500
    },
    "5": {
      "precision": 0.5481586402266289,
      "recall": 0.34056,
      "f1_score": 0.4201125037007796,
      "support": 25000
    }
  },
  "confusion_matrix": [
    [
      84289,
      212,
      2134,
      56180,
      2516,
      4669
    ],
    [
      735,
      4032,
      21,
      0,
      0,
      18
    ],
    [
      22964,
      1438,
      12457,
      0,
      0,
      641
    ],
    [
      26348,
      13,
      225,
      94389,
      2989,
      1036
    ],
    [
      4449,
      5,
      104,
      12329,
      19959,
      654
    ],
    [
      12132,
      332,
      1426,
      2353,
      243,
      8514
    ]
  ],
  "confusion_matrix_labels": [
    0,
    1,
    2,
    3,
    4,
    5
  ],
  "stage1_hyperparameters": {
    "n_estimators": 300,
    "max_depth": 35,
    "min_samples_leaf": 20,
    "background_boost_factor": 2
  },
  "stage2_hyperparameters": {
    "n_estimators": 100,
    "max_depth": null,
    "min_samples_leaf": 20,
    "class1_dampen_factor": 0.4
  },
  "dataset": {
    "source": "../random_forest_spatial_middle/wetland_dataset_middle_split.npz",
    "n_train": 1514418,
    "n_test": 379806,
    "n_features": 64
  },
  "stage1_train_seconds": 347.733577,
  "stage2_train_seconds": 61.606177
}