{
  "timestamp": "20260309_185738",
  "evaluation_datetime": "2026-03-09 18:57:37",
  "pipeline_stage": "Two-Stage Combination Pipeline (grid search)",
  "split_method": "middle_row_band",
  "test_row_min": 9216,
  "test_row_max": 12288,
  "classes": [
    0,
    1,
    2,
    3,
    4,
    5
  ],
  "overall_metrics": {
    "accuracy": 0.587231376018283,
    "precision_weighted": 0.6017174247151229,
    "recall_weighted": 0.587231376018283,
    "f1_weighted": 0.5787493793005872,
    "mean_wetland_f1": 0.5786530404848954
  },
  "per_class_metrics": {
    "0": {
      "precision": 0.5585122948375597,
      "recall": 0.5619266666666667,
      "f1_score": 0.5602142783558257,
      "support": 150000
    },
    "1": {
      "precision": 0.6665011585567693,
      "recall": 0.8379109446525177,
      "f1_score": 0.7424410029498525,
      "support": 4806
    },
    "2": {
      "precision": 0.7610312042905899,
      "recall": 0.33298666666666665,
      "f1_score": 0.4632707575870001,
      "support": 37500
    },
    "3": {
      "precision": 0.5713102019678923,
      "recall": 0.750176,
      "f1_score": 0.6486381793971674,
      "support": 125000
    },
    "4": {
      "precision": 0.746203662349263,
      "recall": 0.53464,
      "f1_score": 0.6229492915734527,
      "support": 37500
    },
    "5": {
      "precision": 0.5448302669085255,
      "recall": 0.3364,
      "f1_score": 0.41596597091700466,
      "support": 25000
    }
  },
  "confusion_matrix": [
    [
      84289,
      235,
      2106,
      55786,
      2918,
      4666
    ],
    [
      735,
      4027,
      17,
      0,
      0,
      27
    ],
    [
      22964,
      1398,
      12487,
      0,
      0,
      651
    ],
    [
      26348,
      14,
      222,
      93772,
      3603,
      1041
    ],
    [
      4449,
      8,
      113,
      12240,
      20049,
      641
    ],
    [
      12132,
      360,
      1463,
      2337,
      298,
      8410
    ]
  ],
  "confusion_matrix_labels": [
    0,
    1,
    2,
    3,
    4,
    5
  ],
  "stage1_hyperparameters": {
    "n_estimators": 300,
    "max_depth": 35,
    "min_samples_leaf": 20,
    "background_boost_factor": 2
  },
  "stage2_hyperparameters": {
    "n_estimators": 100,
    "max_depth": 25,
    "min_samples_leaf": 20,
    "class1_dampen_factor": 0.4
  },
  "dataset": {
    "source": "../random_forest_spatial_middle/wetland_dataset_middle_split.npz",
    "n_train": 1514418,
    "n_test": 379806,
    "n_features": 64
  },
  "stage1_train_seconds": 347.733577,
  "stage2_train_seconds": 59.250203
}