{
  "timestamp": "20260309_191008",
  "evaluation_datetime": "2026-03-09 19:10:06",
  "pipeline_stage": "Two-Stage Combination Pipeline (grid search)",
  "split_method": "middle_row_band",
  "test_row_min": 9216,
  "test_row_max": 12288,
  "classes": [
    0,
    1,
    2,
    3,
    4,
    5
  ],
  "overall_metrics": {
    "accuracy": 0.5896720957541481,
    "precision_weighted": 0.6064243091183168,
    "recall_weighted": 0.5896720957541481,
    "f1_weighted": 0.5813723787474827,
    "mean_wetland_f1": 0.5836817771073981
  },
  "per_class_metrics": {
    "0": {
      "precision": 0.5585122948375597,
      "recall": 0.5619266666666667,
      "f1_score": 0.5602142783558257,
      "support": 150000
    },
    "1": {
      "precision": 0.6691542288557214,
      "recall": 0.8395755305867666,
      "f1_score": 0.7447397563676633,
      "support": 4806
    },
    "2": {
      "precision": 0.76507568359375,
      "recall": 0.33426666666666666,
      "f1_score": 0.4652587038824141,
      "support": 37500
    },
    "3": {
      "precision": 0.5713068387845384,
      "recall": 0.756264,
      "f1_score": 0.6509013041023451,
      "support": 125000
    },
    "4": {
      "precision": 0.7859357218537849,
      "recall": 0.53408,
      "f1_score": 0.635981137767334,
      "support": 37500
    },
    "5": {
      "precision": 0.5501803658850811,
      "recall": 0.34164,
      "f1_score": 0.42152798341723424,
      "support": 25000
    }
  },
  "confusion_matrix": [
    [
      84289,
      229,
      2113,
      56337,
      2370,
      4662
    ],
    [
      735,
      4035,
      17,
      0,
      0,
      19
    ],
    [
      22964,
      1409,
      12535,
      0,
      0,
      592
    ],
    [
      26348,
      16,
      218,
      94533,
      2832,
      1053
    ],
    [
      4449,
      4,
      101,
      12261,
      20028,
      657
    ],
    [
      12132,
      337,
      1400,
      2337,
      253,
      8541
    ]
  ],
  "confusion_matrix_labels": [
    0,
    1,
    2,
    3,
    4,
    5
  ],
  "stage1_hyperparameters": {
    "n_estimators": 300,
    "max_depth": 35,
    "min_samples_leaf": 20,
    "background_boost_factor": 2
  },
  "stage2_hyperparameters": {
    "n_estimators": 300,
    "max_depth": 35,
    "min_samples_leaf": 20,
    "class1_dampen_factor": 0.4
  },
  "dataset": {
    "source": "../random_forest_spatial_middle/wetland_dataset_middle_split.npz",
    "n_train": 1514418,
    "n_test": 379806,
    "n_features": 64
  },
  "stage1_train_seconds": 347.733577,
  "stage2_train_seconds": 164.623111
}