{
  "timestamp": "20260309_190722",
  "evaluation_datetime": "2026-03-09 19:07:20",
  "pipeline_stage": "Two-Stage Combination Pipeline (grid search)",
  "split_method": "middle_row_band",
  "test_row_min": 9216,
  "test_row_max": 12288,
  "classes": [
    0,
    1,
    2,
    3,
    4,
    5
  ],
  "overall_metrics": {
    "accuracy": 0.5881265698804127,
    "precision_weighted": 0.6034690519969816,
    "recall_weighted": 0.5881265698804127,
    "f1_weighted": 0.5797346090110885,
    "mean_wetland_f1": 0.5804454202921205
  },
  "per_class_metrics": {
    "0": {
      "precision": 0.5585122948375597,
      "recall": 0.5619266666666667,
      "f1_score": 0.5602142783558257,
      "support": 150000
    },
    "1": {
      "precision": 0.6654545454545454,
      "recall": 0.8377028714107366,
      "f1_score": 0.7417096536477524,
      "support": 4806
    },
    "2": {
      "precision": 0.7638973732437385,
      "recall": 0.3334666666666667,
      "f1_score": 0.46426582513458325,
      "support": 37500
    },
    "3": {
      "precision": 0.5711559963054786,
      "recall": 0.751952,
      "f1_score": 0.6492015692341695,
      "support": 125000
    },
    "4": {
      "precision": 0.7593635435957519,
      "recall": 0.5357866666666666,
      "f1_score": 0.6282774902672025,
      "support": 37500
    },
    "5": {
      "precision": 0.5483745628804559,
      "recall": 0.33872,
      "f1_score": 0.4187725631768953,
      "support": 25000
    }
  },
  "confusion_matrix": [
    [
      84289,
      235,
      2112,
      55997,
      2703,
      4664
    ],
    [
      735,
      4026,
      18,
      0,
      0,
      27
    ],
    [
      22964,
      1422,
      12505,
      0,
      0,
      609
    ],
    [
      26348,
      14,
      223,
      93994,
      3385,
      1036
    ],
    [
      4449,
      6,
      113,
      12202,
      20092,
      638
    ],
    [
      12132,
      347,
      1399,
      2375,
      279,
      8468
    ]
  ],
  "confusion_matrix_labels": [
    0,
    1,
    2,
    3,
    4,
    5
  ],
  "stage1_hyperparameters": {
    "n_estimators": 300,
    "max_depth": 35,
    "min_samples_leaf": 20,
    "background_boost_factor": 2
  },
  "stage2_hyperparameters": {
    "n_estimators": 300,
    "max_depth": 25,
    "min_samples_leaf": 20,
    "class1_dampen_factor": 0.4
  },
  "dataset": {
    "source": "../random_forest_spatial_middle/wetland_dataset_middle_split.npz",
    "n_train": 1514418,
    "n_test": 379806,
    "n_features": 64
  },
  "stage1_train_seconds": 347.733577,
  "stage2_train_seconds": 143.421821
}