{
  "timestamp": "20260309_185845",
  "evaluation_datetime": "2026-03-09 18:58:43",
  "pipeline_stage": "Two-Stage Combination Pipeline (grid search)",
  "split_method": "middle_row_band",
  "test_row_min": 9216,
  "test_row_max": 12288,
  "classes": [
    0,
    1,
    2,
    3,
    4,
    5
  ],
  "overall_metrics": {
    "accuracy": 0.5888953834325945,
    "precision_weighted": 0.6049865031865219,
    "recall_weighted": 0.5888953834325945,
    "f1_weighted": 0.5805046891295886,
    "mean_wetland_f1": 0.5821050877292484
  },
  "per_class_metrics": {
    "0": {
      "precision": 0.5585122948375597,
      "recall": 0.5619266666666667,
      "f1_score": 0.5602142783558257,
      "support": 150000
    },
    "1": {
      "precision": 0.6687116564417178,
      "recall": 0.8391593841032043,
      "f1_score": 0.7443019285780198,
      "support": 4806
    },
    "2": {
      "precision": 0.7613386978785662,
      "recall": 0.33304,
      "f1_score": 0.4633793410507569,
      "support": 37500
    },
    "3": {
      "precision": 0.5710766511717993,
      "recall": 0.754808,
      "f1_score": 0.6502122556992034,
      "support": 125000
    },
    "4": {
      "precision": 0.7761170852905781,
      "recall": 0.53312,
      "f1_score": 0.6320681642137878,
      "support": 37500
    },
    "5": {
      "precision": 0.549906324697978,
      "recall": 0.34048,
      "f1_score": 0.4205637491044739,
      "support": 25000
    }
  },
  "confusion_matrix": [
    [
      84289,
      217,
      2157,
      56220,
      2484,
      4633
    ],
    [
      735,
      4033,
      17,
      0,
      0,
      21
    ],
    [
      22964,
      1432,
      12489,
      0,
      0,
      615
    ],
    [
      26348,
      16,
      220,
      94351,
      3020,
      1045
    ],
    [
      4449,
      4,
      108,
      12294,
      19992,
      653
    ],
    [
      12132,
      329,
      1413,
      2351,
      263,
      8512
    ]
  ],
  "confusion_matrix_labels": [
    0,
    1,
    2,
    3,
    4,
    5
  ],
  "stage1_hyperparameters": {
    "n_estimators": 300,
    "max_depth": 35,
    "min_samples_leaf": 20,
    "background_boost_factor": 2
  },
  "stage2_hyperparameters": {
    "n_estimators": 100,
    "max_depth": 35,
    "min_samples_leaf": 20,
    "class1_dampen_factor": 0.4
  },
  "dataset": {
    "source": "../random_forest_spatial_middle/wetland_dataset_middle_split.npz",
    "n_train": 1514418,
    "n_test": 379806,
    "n_features": 64
  },
  "stage1_train_seconds": 347.733577,
  "stage2_train_seconds": 65.13104
}