{
  "timestamp": "20260309_190127",
  "evaluation_datetime": "2026-03-09 19:01:26",
  "pipeline_stage": "Two-Stage Combination Pipeline (grid search)",
  "split_method": "middle_row_band",
  "test_row_min": 9216,
  "test_row_max": 12288,
  "classes": [
    0,
    1,
    2,
    3,
    4,
    5
  ],
  "overall_metrics": {
    "accuracy": 0.5879422652617389,
    "precision_weighted": 0.6029441912690621,
    "recall_weighted": 0.5879422652617389,
    "f1_weighted": 0.5795419785652486,
    "mean_wetland_f1": 0.5804847896939485
  },
  "per_class_metrics": {
    "0": {
      "precision": 0.5585122948375597,
      "recall": 0.5619266666666667,
      "f1_score": 0.5602142783558257,
      "support": 150000
    },
    "1": {
      "precision": 0.6696606786427146,
      "recall": 0.8377028714107366,
      "f1_score": 0.7443150305047144,
      "support": 4806
    },
    "2": {
      "precision": 0.7628419962220462,
      "recall": 0.33384,
      "f1_score": 0.4644321196045334,
      "support": 37500
    },
    "3": {
      "precision": 0.5713034433678218,
      "recall": 0.751392,
      "f1_score": 0.6490879500212506,
      "support": 125000
    },
    "4": {
      "precision": 0.7550614130638921,
      "recall": 0.5360533333333334,
      "f1_score": 0.6269825179732701,
      "support": 37500
    },
    "5": {
      "precision": 0.5468911917098446,
      "recall": 0.33776,
      "f1_score": 0.4176063303659743,
      "support": 25000
    }
  },
  "confusion_matrix": [
    [
      84289,
      231,
      2110,
      55929,
      2770,
      4671
    ],
    [
      735,
      4026,
      18,
      0,
      0,
      27
    ],
    [
      22964,
      1381,
      12519,
      0,
      0,
      636
    ],
    [
      26348,
      17,
      232,
      93924,
      3457,
      1022
    ],
    [
      4449,
      6,
      107,
      12196,
      20102,
      640
    ],
    [
      12132,
      351,
      1425,
      2354,
      294,
      8444
    ]
  ],
  "confusion_matrix_labels": [
    0,
    1,
    2,
    3,
    4,
    5
  ],
  "stage1_hyperparameters": {
    "n_estimators": 300,
    "max_depth": 35,
    "min_samples_leaf": 20,
    "background_boost_factor": 2
  },
  "stage2_hyperparameters": {
    "n_estimators": 200,
    "max_depth": 25,
    "min_samples_leaf": 20,
    "class1_dampen_factor": 0.4
  },
  "dataset": {
    "source": "../random_forest_spatial_middle/wetland_dataset_middle_split.npz",
    "n_train": 1514418,
    "n_test": 379806,
    "n_features": 64
  },
  "stage1_train_seconds": 347.733577,
  "stage2_train_seconds": 98.994298
}