{
  "timestamp": "20260309_191254",
  "evaluation_datetime": "2026-03-09 19:12:52",
  "pipeline_stage": "Two-Stage Combination Pipeline (grid search)",
  "split_method": "middle_row_band",
  "test_row_min": 9216,
  "test_row_max": 12288,
  "classes": [
    0,
    1,
    2,
    3,
    4,
    5
  ],
  "overall_metrics": {
    "accuracy": 0.5895325508285809,
    "precision_weighted": 0.60620470099955,
    "recall_weighted": 0.5895325508285809,
    "f1_weighted": 0.5811816978583825,
    "mean_wetland_f1": 0.5829661529061109
  },
  "per_class_metrics": {
    "0": {
      "precision": 0.5585122948375597,
      "recall": 0.5619266666666667,
      "f1_score": 0.5602142783558257,
      "support": 150000
    },
    "1": {
      "precision": 0.6674395495197085,
      "recall": 0.838535164377861,
      "f1_score": 0.7432681667281446,
      "support": 4806
    },
    "2": {
      "precision": 0.7625837903717245,
      "recall": 0.33370666666666665,
      "f1_score": 0.46425524021517345,
      "support": 37500
    },
    "3": {
      "precision": 0.57120765476248,
      "recall": 0.75648,
      "f1_score": 0.6509169007103915,
      "support": 125000
    },
    "4": {
      "precision": 0.7869084615082019,
      "recall": 0.53344,
      "f1_score": 0.635844948427393,
      "support": 37500
    },
    "5": {
      "precision": 0.5499483070560869,
      "recall": 0.34044,
      "f1_score": 0.42054550844945154,
      "support": 25000
    }
  },
  "confusion_matrix": [
    [
      84289,
      226,
      2126,
      56347,
      2354,
      4658
    ],
    [
      735,
      4030,
      17,
      0,
      0,
      24
    ],
    [
      22964,
      1423,
      12514,
      0,
      0,
      599
    ],
    [
      26348,
      13,
      227,
      94560,
      2820,
      1032
    ],
    [
      4449,
      6,
      106,
      12283,
      20004,
      652
    ],
    [
      12132,
      340,
      1420,
      2354,
      243,
      8511
    ]
  ],
  "confusion_matrix_labels": [
    0,
    1,
    2,
    3,
    4,
    5
  ],
  "stage1_hyperparameters": {
    "n_estimators": 300,
    "max_depth": 35,
    "min_samples_leaf": 20,
    "background_boost_factor": 2
  },
  "stage2_hyperparameters": {
    "n_estimators": 300,
    "max_depth": null,
    "min_samples_leaf": 20,
    "class1_dampen_factor": 0.4
  },
  "dataset": {
    "source": "../random_forest_spatial_middle/wetland_dataset_middle_split.npz",
    "n_train": 1514418,
    "n_test": 379806,
    "n_features": 64
  },
  "stage1_train_seconds": 347.733577,
  "stage2_train_seconds": 163.354964
}