{
  "timestamp": "20260309_190456",
  "evaluation_datetime": "2026-03-09 19:04:55",
  "pipeline_stage": "Two-Stage Combination Pipeline (grid search)",
  "split_method": "middle_row_band",
  "test_row_min": 9216,
  "test_row_max": 12288,
  "classes": [
    0,
    1,
    2,
    3,
    4,
    5
  ],
  "overall_metrics": {
    "accuracy": 0.5895246520592091,
    "precision_weighted": 0.6062103736142584,
    "recall_weighted": 0.5895246520592091,
    "f1_weighted": 0.5811821814256616,
    "mean_wetland_f1": 0.5828385323859542
  },
  "per_class_metrics": {
    "0": {
      "precision": 0.5585122948375597,
      "recall": 0.5619266666666667,
      "f1_score": 0.5602142783558257,
      "support": 150000
    },
    "1": {
      "precision": 0.6656203535436973,
      "recall": 0.83832709113608,
      "f1_score": 0.7420572796758449,
      "support": 4806
    },
    "2": {
      "precision": 0.7631530817533378,
      "recall": 0.33381333333333335,
      "f1_score": 0.46446394449288536,
      "support": 37500
    },
    "3": {
      "precision": 0.5712766600205426,
      "recall": 0.756416,
      "f1_score": 0.6509380055764001,
      "support": 125000
    },
    "4": {
      "precision": 0.7853969252545905,
      "recall": 0.5326666666666666,
      "f1_score": 0.6348020911127707,
      "support": 37500
    },
    "5": {
      "precision": 0.5514525500322789,
      "recall": 0.34168,
      "f1_score": 0.4219313410718696,
      "support": 25000
    }
  },
  "confusion_matrix": [
    [
      84289,
      229,
      2136,
      56301,
      2391,
      4654
    ],
    [
      735,
      4029,
      18,
      0,
      0,
      24
    ],
    [
      22964,
      1434,
      12518,
      0,
      0,
      584
    ],
    [
      26348,
      16,
      224,
      94552,
      2825,
      1035
    ],
    [
      4449,
      5,
      107,
      12313,
      19975,
      651
    ],
    [
      12132,
      340,
      1400,
      2344,
      242,
      8542
    ]
  ],
  "confusion_matrix_labels": [
    0,
    1,
    2,
    3,
    4,
    5
  ],
  "stage1_hyperparameters": {
    "n_estimators": 300,
    "max_depth": 35,
    "min_samples_leaf": 20,
    "background_boost_factor": 2
  },
  "stage2_hyperparameters": {
    "n_estimators": 200,
    "max_depth": null,
    "min_samples_leaf": 20,
    "class1_dampen_factor": 0.4
  },
  "dataset": {
    "source": "../random_forest_spatial_middle/wetland_dataset_middle_split.npz",
    "n_train": 1514418,
    "n_test": 379806,
    "n_features": 64
  },
  "stage1_train_seconds": 347.733577,
  "stage2_train_seconds": 104.43715
}