{
  "version": 1,
  "timestamp": "20260120_130828",
  "trained_datetime": "2026-01-20 13:09:59",
  "overall_metrics": {
    "accuracy": 0.9326103770014317,
    "precision_weighted": 0.934467470225099,
    "recall_weighted": 0.9326103770014317,
    "f1_weighted": 0.9320077704988474
  },
  "per_class_metrics": {
    "0": {
      "precision": 0.9377771196827982,
      "recall": 0.948671432256776,
      "f1_score": 0.9431928184337898,
      "support": 120167
    },
    "1": {
      "precision": 0.9932759548144163,
      "recall": 0.9597193347193347,
      "f1_score": 0.9762093576526566,
      "support": 3848
    },
    "2": {
      "precision": 0.8860863730633158,
      "recall": 0.9747693340043617,
      "f1_score": 0.9283146677743518,
      "support": 29805
    },
    "3": {
      "precision": 0.9202361947260103,
      "recall": 0.9568512944611661,
      "f1_score": 0.9381866313699537,
      "support": 100003
    },
    "4": {
      "precision": 0.9937495054988528,
      "recall": 0.8379478284074988,
      "f1_score": 0.9092225278702766,
      "support": 29978
    },
    "5": {
      "precision": 0.9576168563816905,
      "recall": 0.789064059070046,
      "f1_score": 0.8652078774617068,
      "support": 20044
    }
  },
  "confusion_matrix": [
    [
      113999,
      4,
      1539,
      4352,
      47,
      226
    ],
    [
      71,
      3693,
      75,
      0,
      0,
      9
    ],
    [
      679,
      10,
      29053,
      2,
      0,
      61
    ],
    [
      3499,
      1,
      459,
      95688,
      98,
      258
    ],
    [
      1234,
      0,
      233,
      3245,
      25120,
      146
    ],
    [
      2081,
      10,
      1429,
      695,
      13,
      15816
    ]
  ],
  "hyperparameters": {
    "n_estimators": 100,
    "class_weight": "custom",
    "n_jobs": -1,
    "random_state": 42
  },
  "dataset": {
    "source": "../wetland_dataset_1.5M_4Training.npz",
    "n_train": 1215380,
    "n_test": 303845,
    "n_features": 64
  },
  "class_weights": {
    "0": 0.12655729055404663,
    "1": 3.949772357940674,
    "2": 0.5062291622161865,
    "3": 0.15186873078346252,
    "4": 0.5062291622161865,
    "5": 0.7593436241149902
  }
}